{"intercept": 33.048916993595505, "coef_hours": 0.3032863181687628, "coef_prev": 0.19132681281150532}